date,store_id,product_id,category,quantity,unit_price,on_promo,revenue,email
2025-11-24,Store_1,P001,beverages,1,1.5,False,1.5,user1@email.com
2025-04-25,Store_3,P002,snacks,47,2.48,True,116.33,user2@email.com
2025-10-07,Store_1,P001,beverages,37,1.5,False,55.5,user3@email.com
2025-01-16,Store_3,P001,beverages,13,1.35,True,17.55,user4@email.com
2025-11-05,Store_3,P001,beverages,35,1.35,True,47.25,user5@email.com
2025-11-29,Store_3,P004,personal_care,14,6.5,False,91.0,user6@email.com
2025-05-23,Store_3,P001,beverages,48,1.35,True,64.8,user7@email.com
2025-08-05,Store_1,P003,household,17,10.8,True,183.6,user8@email.com
2025-06-22,Store_1,P001,beverages,5,1.5,False,7.5,user9@email.com
2025-07-03,Store_1,P003,household,38,12.0,False,456.0,user10@email.com
2025-08-24,Store_3,P001,beverages,24,1.35,True,32.4,user11@email.com
2025-05-31,Store_3,P003,household,36,10.8,True,388.8,user12@email.com
2025-02-05,Store_2,P001,beverages,42,1.35,True,56.7,user13@email.com
2025-02-10,Store_2,P002,snacks,6,2.75,False,16.5,user14@email.com
2025-08-21,Store_2,P003,household,10,12.0,False,120.0,user15@email.com
2025-04-18,Store_3,P003,household,44,10.8,True,475.2,user16@email.com
2025-11-22,Store_1,P002,snacks,34,2.48,True,84.15,user17@email.com
2025-08-25,Store_3,P004,personal_care,17,5.85,True,99.45,user18@email.com
2025-06-16,Store_2,P001,beverages,14,1.35,True,18.9,user19@email.com
2025-07-25,Store_3,P003,household,4,10.8,True,43.2,user20@email.com
2025-06-11,Store_2,P002,snacks,41,2.75,False,112.75,user21@email.com
2025-11-26,Store_1,P004,personal_care,9,6.5,False,58.5,user22@email.com
2025-05-07,Store_3,P003,household,47,12.0,False,564.0,user23@email.com
2025-07-24,Store_3,P003,household,14,10.8,True,151.2,user24@email.com
2025-09-10,Store_1,P001,beverages,48,1.35,True,64.8,user25@email.com
2025-03-20,Store_3,P002,snacks,50,2.75,False,137.5,user26@email.com
2025-02-02,Store_3,P004,personal_care,24,6.5,False,156.0,user27@email.com
2025-05-09,Store_3,P001,beverages,43,1.35,True,58.05,user28@email.com
2025-10-02,Store_1,P003,household,49,12.0,False,588.0,user29@email.com
2025-05-31,Store_1,P004,personal_care,10,6.5,False,65.0,user30@email.com
2025-05-15,Store_3,P002,snacks,32,2.48,True,79.2,user31@email.com
2025-06-02,Store_1,P002,snacks,9,2.75,False,24.75,user32@email.com
2025-10-04,Store_2,P001,beverages,38,1.5,False,57.0,user33@email.com
2025-01-10,Store_1,P001,beverages,23,1.5,False,34.5,user34@email.com
2025-01-30,Store_1,P002,snacks,36,2.48,True,89.1,user35@email.com
2025-09-06,Store_1,P001,beverages,48,1.35,True,64.8,user36@email.com
2025-12-04,Store_2,P004,personal_care,35,5.85,True,204.75,user37@email.com
2025-09-28,Store_3,P004,personal_care,13,5.85,True,76.05,user38@email.com
2025-06-09,Store_2,P004,personal_care,42,6.5,False,273.0,user39@email.com
2025-09-22,Store_1,P004,personal_care,7,5.85,True,40.95,user40@email.com
2025-02-02,Store_3,P003,household,1,10.8,True,10.8,user41@email.com
2025-04-23,Store_1,P001,beverages,4,1.35,True,5.4,user42@email.com
2025-02-04,Store_3,P001,beverages,21,1.35,True,28.35,user43@email.com
2025-05-02,Store_1,P003,household,42,12.0,False,504.0,user44@email.com
2025-10-04,Store_1,P002,snacks,46,2.75,False,126.5,user45@email.com
2025-08-31,Store_1,P004,personal_care,12,5.85,True,70.2,user46@email.com
2025-12-04,Store_2,P004,personal_care,22,6.5,False,143.0,user47@email.com
2025-08-28,Store_1,P001,beverages,43,1.35,True,58.05,user48@email.com
2025-07-26,Store_1,P003,household,6,10.8,True,64.8,user49@email.com
2025-04-08,Store_1,P004,personal_care,8,6.5,False,52.0,user50@email.com
2025-05-23,Store_2,P004,personal_care,15,5.85,True,87.75,user51@email.com
2025-10-09,Store_1,P001,beverages,3,1.35,True,4.05,user52@email.com
2025-05-02,Store_2,P002,snacks,26,2.75,False,71.5,user53@email.com
2025-04-20,Store_2,P004,personal_care,3,5.85,True,17.55,user54@email.com
2025-01-02,Store_2,P004,personal_care,16,6.5,False,104.0,user55@email.com
2025-08-05,Store_2,P004,personal_care,9,5.85,True,52.65,user56@email.com
2025-04-22,Store_3,P001,beverages,37,1.35,True,49.95,user57@email.com
2025-06-10,Store_3,P001,beverages,3,1.5,False,4.5,user58@email.com
2025-09-29,Store_1,P002,snacks,3,2.48,True,7.43,user59@email.com
2025-02-05,Store_2,P001,beverages,43,1.35,True,58.05,user60@email.com
2025-03-03,Store_3,P002,snacks,37,2.48,True,91.58,user61@email.com
2025-02-11,Store_2,P004,personal_care,42,6.5,False,273.0,user62@email.com
2025-04-15,Store_2,P003,household,15,12.0,False,180.0,user63@email.com
2025-03-09,Store_1,P003,household,29,12.0,False,348.0,user64@email.com
2025-01-05,Store_1,P004,personal_care,39,5.85,True,228.15,user65@email.com
2025-10-03,Store_1,P002,snacks,32,2.75,False,88.0,user66@email.com
2025-06-28,Store_2,P001,beverages,15,1.5,False,22.5,user67@email.com
2025-03-22,Store_3,P004,personal_care,34,6.5,False,221.0,user68@email.com
2025-12-01,Store_3,P001,beverages,42,1.5,False,63.0,user69@email.com
2025-02-23,Store_1,P002,snacks,16,2.48,True,39.6,user70@email.com
2025-10-11,Store_3,P002,snacks,17,2.75,False,46.75,user71@email.com
2025-04-18,Store_3,P003,household,13,12.0,False,156.0,user72@email.com
2025-09-08,Store_3,P003,household,3,10.8,True,32.4,user73@email.com
2025-08-05,Store_2,P003,household,2,10.8,True,21.6,user74@email.com
2025-03-08,Store_3,P003,household,10,12.0,False,120.0,user75@email.com
2025-12-28,Store_1,P004,personal_care,35,5.85,True,204.75,user76@email.com
2025-02-08,Store_2,P002,snacks,34,2.48,True,84.15,user77@email.com
2025-10-26,Store_1,P002,snacks,27,2.48,True,66.83,user78@email.com
2025-06-07,Store_2,P003,household,50,10.8,True,540.0,user79@email.com
2025-04-18,Store_2,P002,snacks,42,2.48,True,103.95,user80@email.com
2025-10-14,Store_1,P004,personal_care,39,5.85,True,228.15,user81@email.com
2025-03-25,Store_1,P002,snacks,26,2.48,True,64.35,user82@email.com
2025-06-20,Store_2,P004,personal_care,42,5.85,True,245.7,user83@email.com
2025-03-23,Store_2,P001,beverages,24,1.35,True,32.4,user84@email.com
2025-04-24,Store_2,P002,snacks,29,2.75,False,79.75,user85@email.com
2025-04-27,Store_2,P002,snacks,1,2.48,True,2.48,user86@email.com
2025-06-18,Store_2,P003,household,4,12.0,False,48.0,user87@email.com
2025-11-25,Store_1,P004,personal_care,43,6.5,False,279.5,user88@email.com
2025-03-01,Store_1,P003,household,11,12.0,False,132.0,user89@email.com
2025-02-25,Store_2,P004,personal_care,22,6.5,False,143.0,user90@email.com
2025-11-07,Store_2,P001,beverages,24,1.35,True,32.4,user91@email.com
2025-01-23,Store_2,P004,personal_care,0,5.85,True,0.0,user92@email.com
2025-08-09,Store_3,P001,beverages,42,1.5,False,63.0,user93@email.com
2025-06-10,Store_3,P001,beverages,46,1.5,False,69.0,user94@email.com
2025-06-08,Store_3,P004,personal_care,20,6.5,False,130.0,user95@email.com
2025-06-01,Store_3,P002,snacks,12,2.75,False,33.0,user96@email.com
2025-07-14,Store_2,P002,snacks,39,2.75,False,107.25,user97@email.com
2025-10-08,Store_1,P001,beverages,19,1.5,False,28.5,user98@email.com
2025-08-09,Store_2,P003,household,29,12.0,False,348.0,user99@email.com
2025-12-12,Store_3,P002,snacks,32,2.75,False,88.0,user100@email.com
2025-03-28,Store_1,P001,beverages,18,1.5,False,27.0,user101@email.com
2025-05-01,Store_1,P003,household,14,10.8,True,151.2,user102@email.com
2025-01-13,Store_3,P001,beverages,15,1.5,False,22.5,user103@email.com
2025-02-07,Store_3,P004,personal_care,26,5.85,True,152.1,user104@email.com
2025-12-23,Store_1,P004,personal_care,31,6.5,False,201.5,user105@email.com
2025-03-17,Store_2,P001,beverages,48,1.35,True,64.8,user106@email.com
2025-04-23,Store_1,P002,snacks,44,2.75,False,121.0,user107@email.com
2025-10-13,Store_1,P002,snacks,7,2.75,False,19.25,user108@email.com
2025-08-26,Store_3,P003,household,48,12.0,False,576.0,user109@email.com
2025-09-16,Store_1,P004,personal_care,35,6.5,False,227.5,user110@email.com
2025-09-01,Store_3,P004,personal_care,16,5.85,True,93.6,user111@email.com
2025-05-22,Store_2,P004,personal_care,40,5.85,True,234.0,user112@email.com
2025-08-14,Store_1,P001,beverages,45,1.5,False,67.5,user113@email.com
2025-05-20,Store_1,P003,household,20,10.8,True,216.0,user114@email.com
2025-03-19,Store_3,P002,snacks,24,2.48,True,59.4,user115@email.com
2025-04-20,Store_2,P001,beverages,26,1.5,False,39.0,user116@email.com
2025-10-05,Store_1,P004,personal_care,26,5.85,True,152.1,user117@email.com
2025-08-04,Store_3,P004,personal_care,49,5.85,True,286.65,user118@email.com
2025-07-14,Store_2,P004,personal_care,0,6.5,False,0.0,user119@email.com
2025-07-19,Store_2,P004,personal_care,34,5.85,True,198.9,user120@email.com
2025-04-23,Store_1,P003,household,27,12.0,False,324.0,user121@email.com
2025-07-19,Store_3,P003,household,42,12.0,False,504.0,user122@email.com
2025-03-26,Store_2,P004,personal_care,8,5.85,True,46.8,user123@email.com
2025-10-31,Store_1,P001,beverages,5,1.5,False,7.5,user124@email.com
2025-08-25,Store_2,P002,snacks,3,2.75,False,8.25,user125@email.com
2025-06-17,Store_2,P002,snacks,29,2.75,False,79.75,user126@email.com
2025-07-14,Store_2,P003,household,48,12.0,False,576.0,user127@email.com
2025-02-11,Store_2,P004,personal_care,1,5.85,True,5.85,user128@email.com
2025-04-25,Store_1,P001,beverages,49,1.35,True,66.15,user129@email.com
2025-05-07,Store_1,P002,snacks,1,2.48,True,2.48,user130@email.com
2025-03-06,Store_3,P004,personal_care,42,5.85,True,245.7,user131@email.com
2025-04-22,Store_2,P004,personal_care,44,6.5,False,286.0,user132@email.com
2025-03-27,Store_2,P001,beverages,49,1.35,True,66.15,user133@email.com
2025-02-25,Store_2,P001,beverages,19,1.5,False,28.5,user134@email.com
2025-04-12,Store_1,P001,beverages,37,1.35,True,49.95,user135@email.com
2025-12-23,Store_3,P003,household,43,10.8,True,464.4,user136@email.com
2025-01-22,Store_3,P003,household,34,12.0,False,408.0,user137@email.com
2025-07-09,Store_1,P001,beverages,32,1.5,False,48.0,user138@email.com
2025-08-04,Store_2,P004,personal_care,6,6.5,False,39.0,user139@email.com
2025-11-22,Store_2,P004,personal_care,45,5.85,True,263.25,user140@email.com
2025-04-01,Store_2,P003,household,39,12.0,False,468.0,user141@email.com
2025-08-12,Store_1,P003,household,20,10.8,True,216.0,user142@email.com
2025-05-23,Store_3,P004,personal_care,15,6.5,False,97.5,user143@email.com
2025-11-09,Store_2,P004,personal_care,21,5.85,True,122.85,user144@email.com
2025-06-16,Store_2,P002,snacks,31,2.48,True,76.73,user145@email.com
2025-05-13,Store_3,P003,household,17,12.0,False,204.0,user146@email.com
2025-01-06,Store_3,P002,snacks,5,2.48,True,12.38,user147@email.com
2025-07-28,Store_3,P004,personal_care,35,5.85,True,204.75,user148@email.com
2025-09-01,Store_1,P004,personal_care,28,5.85,True,163.8,user149@email.com
2025-05-31,Store_2,P002,snacks,25,2.48,True,61.88,user150@email.com
2025-12-06,Store_2,P003,household,30,12.0,False,360.0,user151@email.com
2025-10-09,Store_2,P003,household,22,12.0,False,264.0,user152@email.com
2025-06-06,Store_3,P003,household,14,10.8,True,151.2,user153@email.com
2025-04-09,Store_1,P003,household,7,10.8,True,75.6,user154@email.com
2025-04-21,Store_1,P004,personal_care,17,6.5,False,110.5,user155@email.com
2025-04-10,Store_1,P003,household,14,12.0,False,168.0,user156@email.com
2025-06-04,Store_2,P001,beverages,45,1.35,True,60.75,user157@email.com
2025-01-24,Store_3,P001,beverages,35,1.5,False,52.5,user158@email.com
2025-03-06,Store_3,P004,personal_care,6,5.85,True,35.1,user159@email.com
2025-05-26,Store_2,P004,personal_care,30,6.5,False,195.0,user160@email.com
2025-04-05,Store_1,P001,beverages,16,1.5,False,24.0,user161@email.com
2025-02-03,Store_3,P004,personal_care,31,5.85,True,181.35,user162@email.com
2025-11-19,Store_3,P001,beverages,9,1.35,True,12.15,user163@email.com
2025-06-05,Store_3,P001,beverages,15,1.35,True,20.25,user164@email.com
2025-08-02,Store_2,P002,snacks,49,2.75,False,134.75,user165@email.com
2025-08-15,Store_2,P003,household,37,12.0,False,444.0,user166@email.com
2025-10-19,Store_1,P001,beverages,39,1.35,True,52.65,user167@email.com
2025-11-17,Store_1,P002,snacks,16,2.48,True,39.6,user168@email.com
2025-05-03,Store_1,P002,snacks,35,2.48,True,86.62,user169@email.com
2025-01-02,Store_2,P004,personal_care,28,6.5,False,182.0,user170@email.com
2025-01-17,Store_3,P002,snacks,18,2.75,False,49.5,user171@email.com
2025-08-21,Store_2,P001,beverages,43,1.35,True,58.05,user172@email.com
2025-11-17,Store_3,P002,snacks,27,2.48,True,66.83,user173@email.com
2025-04-26,Store_1,P002,snacks,17,2.48,True,42.08,user174@email.com
2025-01-31,Store_3,P002,snacks,50,2.75,False,137.5,user175@email.com
2025-10-19,Store_2,P003,household,28,10.8,True,302.4,user176@email.com
2025-12-19,Store_2,P003,household,44,12.0,False,528.0,user177@email.com
2025-09-14,Store_3,P004,personal_care,28,5.85,True,163.8,user178@email.com
2025-01-21,Store_3,P004,personal_care,47,6.5,False,305.5,user179@email.com
2025-05-09,Store_3,P001,beverages,5,1.35,True,6.75,user180@email.com
2025-10-22,Store_3,P001,beverages,48,1.5,False,72.0,user181@email.com
2025-01-21,Store_2,P002,snacks,30,2.75,False,82.5,user182@email.com
2025-04-03,Store_1,P004,personal_care,40,6.5,False,260.0,user183@email.com
2025-08-29,Store_2,P003,household,26,12.0,False,312.0,user184@email.com
2025-12-10,Store_2,P001,beverages,10,1.5,False,15.0,user185@email.com
2025-12-22,Store_3,P004,personal_care,18,6.5,False,117.0,user186@email.com
2025-01-19,Store_2,P004,personal_care,5,6.5,False,32.5,user187@email.com
2025-06-15,Store_3,P001,beverages,49,1.5,False,73.5,user188@email.com
2025-01-01,Store_1,P004,personal_care,26,5.85,True,152.1,user189@email.com
2025-09-23,Store_3,P003,household,39,12.0,False,468.0,user190@email.com
2025-08-15,Store_3,P001,beverages,13,1.5,False,19.5,user191@email.com
2025-03-09,Store_1,P003,household,28,12.0,False,336.0,user192@email.com
2025-01-15,Store_2,P002,snacks,45,2.48,True,111.38,user193@email.com
2025-10-10,Store_1,P001,beverages,35,1.5,False,52.5,user194@email.com
2025-04-26,Store_3,P001,beverages,29,1.35,True,39.15,user195@email.com
2025-03-20,Store_3,P004,personal_care,45,6.5,False,292.5,user196@email.com
2025-12-28,Store_2,P003,household,26,12.0,False,312.0,user197@email.com
2025-05-05,Store_2,P004,personal_care,35,5.85,True,204.75,user198@email.com
2025-04-08,Store_2,P002,snacks,4,2.75,False,11.0,user199@email.com
2025-06-24,Store_3,P003,household,0,12.0,False,0.0,user200@email.com
2025-06-02,Store_3,P004,personal_care,9,6.5,False,58.5,user201@email.com
2025-09-05,Store_2,P003,household,21,12.0,False,252.0,user202@email.com
2025-06-14,Store_3,P002,snacks,44,2.48,True,108.9,user203@email.com
2025-07-16,Store_1,P002,snacks,49,2.75,False,134.75,user204@email.com
2025-06-12,Store_2,P004,personal_care,45,6.5,False,292.5,user205@email.com
2025-12-06,Store_1,P002,snacks,31,2.48,True,76.73,user206@email.com
2025-09-15,Store_1,P003,household,6,12.0,False,72.0,user207@email.com
2025-09-27,Store_2,P004,personal_care,0,5.85,True,0.0,user208@email.com
2025-12-02,Store_2,P002,snacks,4,2.75,False,11.0,user209@email.com
2025-06-23,Store_2,P004,personal_care,41,5.85,True,239.85,user210@email.com
2025-12-12,Store_3,P004,personal_care,20,6.5,False,130.0,user211@email.com
2025-01-19,Store_1,P001,beverages,15,1.5,False,22.5,user212@email.com
2025-02-16,Store_2,P004,personal_care,6,5.85,True,35.1,user213@email.com
2025-03-27,Store_2,P003,household,1,10.8,True,10.8,user214@email.com
2025-01-29,Store_2,P003,household,22,12.0,False,264.0,user215@email.com
2025-03-16,Store_3,P002,snacks,33,2.75,False,90.75,user216@email.com
2025-12-16,Store_1,P002,snacks,10,2.48,True,24.75,user217@email.com
2025-11-09,Store_2,P004,personal_care,39,5.85,True,228.15,user218@email.com
2025-10-26,Store_3,P002,snacks,14,2.75,False,38.5,user219@email.com
2025-05-11,Store_2,P004,personal_care,16,5.85,True,93.6,user220@email.com
2025-05-28,Store_2,P002,snacks,4,2.75,False,11.0,user221@email.com
2025-10-28,Store_3,P003,household,40,12.0,False,480.0,user222@email.com
2025-05-09,Store_2,P004,personal_care,19,5.85,True,111.15,user223@email.com
2025-09-05,Store_3,P001,beverages,15,1.5,False,22.5,user224@email.com
2025-07-03,Store_1,P003,household,44,12.0,False,528.0,user225@email.com
2025-12-04,Store_3,P004,personal_care,17,5.85,True,99.45,user226@email.com
2025-12-18,Store_2,P001,beverages,38,1.5,False,57.0,user227@email.com
2025-04-28,Store_3,P003,household,14,10.8,True,151.2,user228@email.com
2025-05-09,Store_3,P002,snacks,40,2.48,True,99.0,user229@email.com
2025-11-27,Store_1,P001,beverages,19,1.5,False,28.5,user230@email.com
2025-10-24,Store_1,P003,household,46,10.8,True,496.8,user231@email.com
2025-06-01,Store_1,P003,household,47,12.0,False,564.0,user232@email.com
2025-04-13,Store_3,P002,snacks,50,2.75,False,137.5,user233@email.com
2025-09-14,Store_2,P003,household,10,12.0,False,120.0,user234@email.com
2025-06-01,Store_1,P003,household,7,12.0,False,84.0,user235@email.com
2025-03-14,Store_3,P002,snacks,43,2.75,False,118.25,user236@email.com
2025-07-07,Store_1,P001,beverages,50,1.5,False,75.0,user237@email.com
2025-05-16,Store_3,P001,beverages,29,1.5,False,43.5,user238@email.com
2025-12-11,Store_3,P003,household,37,12.0,False,444.0,user239@email.com
2025-07-10,Store_2,P001,beverages,43,1.35,True,58.05,user240@email.com
2025-01-13,Store_3,P003,household,39,10.8,True,421.2,user241@email.com
2025-02-02,Store_3,P004,personal_care,44,6.5,False,286.0,user242@email.com
2025-07-29,Store_1,P001,beverages,8,1.35,True,10.8,user243@email.com
2025-06-05,Store_1,P004,personal_care,7,5.85,True,40.95,user244@email.com
2025-10-03,Store_2,P002,snacks,24,2.75,False,66.0,user245@email.com
2025-12-10,Store_2,P004,personal_care,37,5.85,True,216.45,user246@email.com
2025-12-02,Store_2,P001,beverages,31,1.5,False,46.5,user247@email.com
2025-01-17,Store_2,P003,household,13,12.0,False,156.0,user248@email.com
2025-05-01,Store_3,P003,household,6,12.0,False,72.0,user249@email.com
2025-11-27,Store_2,P003,household,3,12.0,False,36.0,user250@email.com
2025-04-08,Store_3,P001,beverages,29,1.35,True,39.15,user251@email.com
2025-04-19,Store_1,P001,beverages,3,1.5,False,4.5,user252@email.com
2025-03-06,Store_3,P002,snacks,4,2.48,True,9.9,user253@email.com
2025-04-21,Store_3,P002,snacks,21,2.48,True,51.98,user254@email.com
2025-01-02,Store_3,P003,household,9,10.8,True,97.2,user255@email.com
2025-05-09,Store_1,P002,snacks,7,2.48,True,17.32,user256@email.com
2025-01-08,Store_3,P003,household,50,10.8,True,540.0,user257@email.com
2025-06-15,Store_1,P001,beverages,11,1.5,False,16.5,user258@email.com
2025-03-06,Store_3,P004,personal_care,33,5.85,True,193.05,user259@email.com
2025-02-02,Store_3,P004,personal_care,28,6.5,False,182.0,user260@email.com
2025-10-31,Store_3,P001,beverages,28,1.35,True,37.8,user261@email.com
2025-01-23,Store_1,P003,household,29,10.8,True,313.2,user262@email.com
2025-09-03,Store_2,P004,personal_care,27,5.85,True,157.95,user263@email.com
2025-12-31,Store_2,P004,personal_care,4,5.85,True,23.4,user264@email.com
2025-11-08,Store_2,P002,snacks,4,2.48,True,9.9,user265@email.com
2025-11-16,Store_2,P003,household,24,12.0,False,288.0,user266@email.com
2025-09-16,Store_3,P004,personal_care,6,5.85,True,35.1,user267@email.com
2025-11-30,Store_1,P002,snacks,27,2.75,False,74.25,user268@email.com
2025-07-31,Store_2,P003,household,29,12.0,False,348.0,user269@email.com
2025-02-18,Store_3,P003,household,27,12.0,False,324.0,user270@email.com
2025-05-11,Store_1,P003,household,9,12.0,False,108.0,user271@email.com
2025-02-16,Store_1,P001,beverages,5,1.5,False,7.5,user272@email.com
2025-07-10,Store_3,P002,snacks,35,2.48,True,86.62,user273@email.com
2025-10-15,Store_2,P003,household,42,10.8,True,453.6,user274@email.com
2025-07-01,Store_2,P004,personal_care,46,5.85,True,269.1,user275@email.com
2025-11-04,Store_3,P003,household,22,10.8,True,237.6,user276@email.com
2025-09-17,Store_1,P002,snacks,9,2.75,False,24.75,user277@email.com
2025-02-25,Store_1,P003,household,35,12.0,False,420.0,user278@email.com
2025-05-23,Store_3,P002,snacks,27,2.48,True,66.83,user279@email.com
2025-12-03,Store_2,P003,household,1,10.8,True,10.8,user280@email.com
2025-12-26,Store_1,P003,household,21,12.0,False,252.0,user281@email.com
2025-04-03,Store_1,P002,snacks,36,2.75,False,99.0,user282@email.com
2025-03-14,Store_2,P001,beverages,5,1.35,True,6.75,user283@email.com
2025-08-03,Store_2,P004,personal_care,21,5.85,True,122.85,user284@email.com
2025-06-09,Store_1,P003,household,49,10.8,True,529.2,user285@email.com
2025-03-21,Store_3,P002,snacks,48,2.48,True,118.8,user286@email.com
2025-02-11,Store_2,P003,household,28,12.0,False,336.0,user287@email.com
2025-11-07,Store_1,P004,personal_care,26,6.5,False,169.0,user288@email.com
2025-09-20,Store_1,P001,beverages,22,1.5,False,33.0,user289@email.com
2025-05-26,Store_1,P004,personal_care,33,6.5,False,214.5,user290@email.com
2025-04-23,Store_1,P004,personal_care,38,5.85,True,222.3,user291@email.com
2025-04-15,Store_2,P003,household,13,10.8,True,140.4,user292@email.com
2025-05-29,Store_2,P003,household,7,10.8,True,75.6,user293@email.com
2025-08-09,Store_3,P002,snacks,8,2.75,False,22.0,user294@email.com
2025-12-27,Store_1,P002,snacks,32,2.75,False,88.0,user295@email.com
2025-07-23,Store_2,P001,beverages,27,1.35,True,36.45,user296@email.com
2025-02-09,Store_3,P003,household,36,12.0,False,432.0,user297@email.com
2025-07-27,Store_2,P004,personal_care,18,5.85,True,105.3,user298@email.com
2025-01-11,Store_3,P003,household,10,12.0,False,120.0,user299@email.com
2025-07-05,Store_1,P001,beverages,27,1.35,True,36.45,user300@email.com
2025-08-12,Store_2,P004,personal_care,33,5.85,True,193.05,user301@email.com
2025-06-08,Store_1,P003,household,14,12.0,False,168.0,user302@email.com
2025-02-09,Store_2,P001,beverages,33,1.35,True,44.55,user303@email.com
2025-06-29,Store_1,P002,snacks,15,2.48,True,37.12,user304@email.com
2025-05-12,Store_3,P002,snacks,11,2.48,True,27.23,user305@email.com
2025-02-08,Store_2,P002,snacks,49,2.75,False,134.75,user306@email.com
2025-10-16,Store_3,P004,personal_care,43,6.5,False,279.5,user307@email.com
2025-06-11,Store_2,P002,snacks,28,2.48,True,69.3,user308@email.com
2025-08-15,Store_3,P003,household,50,12.0,False,600.0,user309@email.com
2025-01-29,Store_2,P003,household,32,10.8,True,345.6,user310@email.com
2025-08-25,Store_2,P004,personal_care,2,5.85,True,11.7,user311@email.com
2025-05-27,Store_3,P001,beverages,41,1.35,True,55.35,user312@email.com
2025-11-01,Store_2,P004,personal_care,29,5.85,True,169.65,user313@email.com
2025-10-20,Store_3,P002,snacks,20,2.75,False,55.0,user314@email.com
2025-03-19,Store_2,P001,beverages,28,1.35,True,37.8,user315@email.com
2025-02-13,Store_3,P002,snacks,2,2.48,True,4.95,user316@email.com
2025-08-13,Store_2,P004,personal_care,33,5.85,True,193.05,user317@email.com
2025-07-10,Store_2,P003,household,24,12.0,False,288.0,user318@email.com
2025-12-14,Store_1,P001,beverages,50,1.5,False,75.0,user319@email.com
2025-06-18,Store_2,P001,beverages,35,1.5,False,52.5,user320@email.com
2025-05-10,Store_3,P002,snacks,21,2.48,True,51.98,user321@email.com
2025-12-06,Store_3,P002,snacks,22,2.75,False,60.5,user322@email.com
2025-12-24,Store_2,P004,personal_care,8,5.85,True,46.8,user323@email.com
2025-10-14,Store_1,P004,personal_care,41,6.5,False,266.5,user324@email.com
2025-12-10,Store_3,P001,beverages,41,1.5,False,61.5,user325@email.com
2025-07-05,Store_1,P001,beverages,23,1.5,False,34.5,user326@email.com
2025-04-20,Store_1,P003,household,49,12.0,False,588.0,user327@email.com
2025-04-26,Store_2,P002,snacks,9,2.48,True,22.28,user328@email.com
2025-02-21,Store_3,P001,beverages,42,1.5,False,63.0,user329@email.com
2025-03-09,Store_1,P004,personal_care,9,5.85,True,52.65,user330@email.com
2025-12-21,Store_1,P002,snacks,46,2.75,False,126.5,user331@email.com
2025-07-30,Store_2,P003,household,43,10.8,True,464.4,user332@email.com
2025-11-09,Store_1,P003,household,48,12.0,False,576.0,user333@email.com
2025-10-01,Store_1,P002,snacks,19,2.75,False,52.25,user334@email.com
2025-07-08,Store_2,P004,personal_care,29,6.5,False,188.5,user335@email.com
2025-09-15,Store_3,P004,personal_care,10,5.85,True,58.5,user336@email.com
2025-03-12,Store_2,P003,household,3,12.0,False,36.0,user337@email.com
2025-10-11,Store_2,P001,beverages,45,1.35,True,60.75,user338@email.com
2025-02-12,Store_3,P002,snacks,17,2.75,False,46.75,user339@email.com
2025-03-17,Store_2,P004,personal_care,5,5.85,True,29.25,user340@email.com
2025-06-28,Store_2,P001,beverages,26,1.35,True,35.1,user341@email.com
2025-09-15,Store_1,P003,household,15,12.0,False,180.0,user342@email.com
2025-07-11,Store_1,P002,snacks,1,2.75,False,2.75,user343@email.com
2025-11-29,Store_1,P003,household,50,10.8,True,540.0,user344@email.com
2025-01-20,Store_3,P003,household,30,10.8,True,324.0,user345@email.com
2025-08-29,Store_1,P004,personal_care,39,5.85,True,228.15,user346@email.com
2025-01-10,Store_3,P003,household,13,10.8,True,140.4,user347@email.com
2025-11-08,Store_1,P004,personal_care,7,6.5,False,45.5,user348@email.com
2025-06-04,Store_2,P001,beverages,3,1.35,True,4.05,user349@email.com
2025-11-24,Store_2,P004,personal_care,4,5.85,True,23.4,user350@email.com
2025-11-02,Store_3,P001,beverages,40,1.35,True,54.0,user351@email.com
2025-03-15,Store_3,P003,household,27,10.8,True,291.6,user352@email.com
2025-06-30,Store_1,P002,snacks,36,2.75,False,99.0,user353@email.com
2025-12-07,Store_1,P001,beverages,33,1.5,False,49.5,user354@email.com
2025-09-27,Store_1,P001,beverages,24,1.5,False,36.0,user355@email.com
2025-11-22,Store_3,P004,personal_care,23,6.5,False,149.5,user356@email.com
2025-01-09,Store_2,P003,household,50,10.8,True,540.0,user357@email.com
2025-05-04,Store_1,P001,beverages,49,1.5,False,73.5,user358@email.com
2025-01-23,Store_3,P003,household,34,12.0,False,408.0,user359@email.com
2025-03-31,Store_3,P004,personal_care,44,6.5,False,286.0,user360@email.com
2025-04-04,Store_1,P002,snacks,4,2.75,False,11.0,user361@email.com
2025-05-31,Store_1,P002,snacks,2,2.48,True,4.95,user362@email.com
2025-06-11,Store_3,P003,household,32,12.0,False,384.0,user363@email.com
2025-08-31,Store_2,P003,household,2,10.8,True,21.6,user364@email.com
2025-07-02,Store_2,P001,beverages,41,1.5,False,61.5,user365@email.com
2025-03-05,Store_3,P003,household,27,12.0,False,324.0,user366@email.com
2025-08-14,Store_2,P004,personal_care,21,5.85,True,122.85,user367@email.com
2025-12-21,Store_1,P004,personal_care,23,6.5,False,149.5,user368@email.com
2025-08-06,Store_3,P001,beverages,27,1.35,True,36.45,user369@email.com
2025-05-31,Store_2,P003,household,6,10.8,True,64.8,user370@email.com
2025-12-05,Store_3,P003,household,19,12.0,False,228.0,user371@email.com
2025-08-07,Store_2,P002,snacks,44,2.75,False,121.0,user372@email.com
2025-08-17,Store_3,P001,beverages,46,1.5,False,69.0,user373@email.com
2025-08-11,Store_1,P003,household,40,10.8,True,432.0,user374@email.com
2025-12-10,Store_1,P004,personal_care,23,5.85,True,134.55,user375@email.com
2025-03-15,Store_1,P004,personal_care,2,5.85,True,11.7,user376@email.com
2025-05-01,Store_3,P003,household,23,12.0,False,276.0,user377@email.com
2025-01-17,Store_2,P002,snacks,43,2.75,False,118.25,user378@email.com
2025-07-10,Store_3,P004,personal_care,48,5.85,True,280.8,user379@email.com
2025-03-12,Store_3,P003,household,25,12.0,False,300.0,user380@email.com
2025-05-23,Store_3,P002,snacks,7,2.48,True,17.32,user381@email.com
2025-04-06,Store_3,P004,personal_care,33,6.5,False,214.5,user382@email.com
2025-03-02,Store_3,P003,household,49,12.0,False,588.0,user383@email.com
2025-08-17,Store_3,P002,snacks,39,2.75,False,107.25,user384@email.com
2025-09-09,Store_1,P002,snacks,7,2.48,True,17.32,user385@email.com
2025-08-20,Store_1,P002,snacks,45,2.75,False,123.75,user386@email.com
2025-12-16,Store_3,P003,household,42,12.0,False,504.0,user387@email.com
2025-02-03,Store_3,P003,household,19,10.8,True,205.2,user388@email.com
2025-12-30,Store_3,P002,snacks,50,2.75,False,137.5,user389@email.com
2025-04-25,Store_1,P001,beverages,12,1.35,True,16.2,user390@email.com
2025-09-10,Store_2,P001,beverages,23,1.5,False,34.5,user391@email.com
2025-10-10,Store_1,P002,snacks,39,2.48,True,96.53,user392@email.com
2025-06-08,Store_3,P004,personal_care,45,6.5,False,292.5,user393@email.com
2025-07-30,Store_1,P004,personal_care,36,5.85,True,210.6,user394@email.com
2025-06-12,Store_3,P001,beverages,28,1.5,False,42.0,user395@email.com
2025-09-22,Store_1,P003,household,8,10.8,True,86.4,user396@email.com
2025-08-10,Store_2,P001,beverages,7,1.35,True,9.45,user397@email.com
2025-03-26,Store_2,P002,snacks,20,2.48,True,49.5,user398@email.com
2025-09-23,Store_1,P003,household,5,12.0,False,60.0,user399@email.com
2025-11-22,Store_3,P003,household,8,12.0,False,96.0,user400@email.com
2025-10-01,Store_3,P001,beverages,32,1.35,True,43.2,user401@email.com
2025-10-25,Store_3,P002,snacks,10,2.75,False,27.5,user402@email.com
2025-01-22,Store_3,P001,beverages,5,1.35,True,6.75,user403@email.com
2025-10-23,Store_3,P003,household,41,10.8,True,442.8,user404@email.com
2025-08-02,Store_3,P001,beverages,31,1.5,False,46.5,user405@email.com
2025-06-04,Store_2,P004,personal_care,15,6.5,False,97.5,user406@email.com
2025-08-21,Store_1,P001,beverages,44,1.35,True,59.4,user407@email.com
2025-08-14,Store_1,P004,personal_care,30,6.5,False,195.0,user408@email.com
2025-06-24,Store_3,P002,snacks,20,2.75,False,55.0,user409@email.com
2025-06-26,Store_3,P004,personal_care,8,6.5,False,52.0,user410@email.com
2025-10-15,Store_2,P001,beverages,20,1.35,True,27.0,user411@email.com
2025-03-04,Store_1,P003,household,28,10.8,True,302.4,user412@email.com
2025-02-19,Store_3,P001,beverages,18,1.5,False,27.0,user413@email.com
2025-08-03,Store_3,P002,snacks,10,2.75,False,27.5,user414@email.com
2025-06-10,Store_2,P002,snacks,48,2.48,True,118.8,user415@email.com
2025-09-21,Store_2,P004,personal_care,31,6.5,False,201.5,user416@email.com
2025-01-12,Store_1,P001,beverages,25,1.5,False,37.5,user417@email.com
2025-04-21,Store_2,P003,household,3,10.8,True,32.4,user418@email.com
2025-09-11,Store_1,P004,personal_care,18,5.85,True,105.3,user419@email.com
2025-08-09,Store_2,P002,snacks,16,2.75,False,44.0,user420@email.com
2025-07-07,Store_3,P001,beverages,25,1.35,True,33.75,user421@email.com
2025-10-15,Store_1,P002,snacks,23,2.75,False,63.25,user422@email.com
2025-07-17,Store_3,P004,personal_care,48,6.5,False,312.0,user423@email.com
2025-12-15,Store_2,P001,beverages,8,1.35,True,10.8,user424@email.com
2025-07-11,Store_1,P003,household,35,12.0,False,420.0,user425@email.com
2025-04-12,Store_1,P004,personal_care,32,5.85,True,187.2,user426@email.com
2025-01-20,Store_2,P002,snacks,45,2.75,False,123.75,user427@email.com
2025-09-23,Store_2,P004,personal_care,9,5.85,True,52.65,user428@email.com
2025-11-10,Store_3,P003,household,10,12.0,False,120.0,user429@email.com
2025-06-03,Store_3,P003,household,32,12.0,False,384.0,user430@email.com
2025-10-16,Store_2,P003,household,30,10.8,True,324.0,user431@email.com
2025-06-19,Store_3,P001,beverages,26,1.5,False,39.0,user432@email.com
2025-12-19,Store_2,P001,beverages,38,1.5,False,57.0,user433@email.com
2025-12-02,Store_3,P002,snacks,46,2.48,True,113.85,user434@email.com
2025-09-03,Store_1,P002,snacks,33,2.75,False,90.75,user435@email.com
2025-12-15,Store_1,P002,snacks,2,2.48,True,4.95,user436@email.com
2025-01-10,Store_1,P004,personal_care,20,6.5,False,130.0,user437@email.com
2025-07-31,Store_3,P002,snacks,26,2.75,False,71.5,user438@email.com
2025-02-01,Store_3,P002,snacks,33,2.48,True,81.67,user439@email.com
2025-06-16,Store_2,P004,personal_care,33,6.5,False,214.5,user440@email.com
2025-03-30,Store_3,P004,personal_care,34,6.5,False,221.0,user441@email.com
2025-07-01,Store_1,P003,household,39,12.0,False,468.0,user442@email.com
2025-05-07,Store_1,P003,household,35,12.0,False,420.0,user443@email.com
2025-06-02,Store_3,P003,household,45,10.8,True,486.0,user444@email.com
2025-12-27,Store_2,P004,personal_care,20,6.5,False,130.0,user445@email.com
2025-10-14,Store_3,P003,household,18,10.8,True,194.4,user446@email.com
2025-12-13,Store_1,P004,personal_care,25,6.5,False,162.5,user447@email.com
2025-05-29,Store_2,P001,beverages,18,1.35,True,24.3,user448@email.com
2025-08-15,Store_1,P003,household,47,12.0,False,564.0,user449@email.com
2025-04-14,Store_1,P003,household,35,12.0,False,420.0,user450@email.com
2025-02-25,Store_3,P002,snacks,15,2.48,True,37.12,user451@email.com
2025-09-29,Store_1,P002,snacks,40,2.48,True,99.0,user452@email.com
2025-02-21,Store_1,P004,personal_care,21,6.5,False,136.5,user453@email.com
2025-12-15,Store_2,P002,snacks,0,2.48,True,0.0,user454@email.com
2025-12-01,Store_2,P004,personal_care,30,5.85,True,175.5,user455@email.com
2025-06-14,Store_1,P003,household,41,10.8,True,442.8,user456@email.com
2025-11-30,Store_1,P002,snacks,34,2.48,True,84.15,user457@email.com
2025-08-02,Store_2,P002,snacks,2,2.75,False,5.5,user458@email.com
2025-04-06,Store_2,P003,household,2,10.8,True,21.6,user459@email.com
2025-10-18,Store_2,P001,beverages,21,1.5,False,31.5,user460@email.com
2025-11-25,Store_2,P004,personal_care,8,6.5,False,52.0,user461@email.com
2025-04-09,Store_3,P001,beverages,21,1.35,True,28.35,user462@email.com
2025-08-23,Store_1,P003,household,45,10.8,True,486.0,user463@email.com
2025-06-22,Store_1,P003,household,36,10.8,True,388.8,user464@email.com
2025-11-09,Store_1,P004,personal_care,27,6.5,False,175.5,user465@email.com
2025-07-25,Store_2,P001,beverages,11,1.35,True,14.85,user466@email.com
2025-06-15,Store_2,P002,snacks,0,2.75,False,0.0,user467@email.com
2025-05-01,Store_2,P004,personal_care,48,6.5,False,312.0,user468@email.com
2025-06-04,Store_3,P001,beverages,16,1.5,False,24.0,user469@email.com
2025-05-01,Store_2,P001,beverages,42,1.35,True,56.7,user470@email.com
2025-06-07,Store_3,P002,snacks,25,2.75,False,68.75,user471@email.com
2025-03-02,Store_1,P003,household,23,10.8,True,248.4,user472@email.com
2025-03-10,Store_3,P004,personal_care,9,6.5,False,58.5,user473@email.com
2025-11-07,Store_3,P003,household,26,12.0,False,312.0,user474@email.com
2025-12-07,Store_3,P002,snacks,48,2.48,True,118.8,user475@email.com
2025-11-02,Store_3,P001,beverages,33,1.5,False,49.5,user476@email.com
2025-12-27,Store_1,P003,household,4,10.8,True,43.2,user477@email.com
2025-10-08,Store_1,P002,snacks,36,2.48,True,89.1,user478@email.com
2025-06-17,Store_3,P004,personal_care,7,5.85,True,40.95,user479@email.com
2025-10-26,Store_1,P004,personal_care,5,6.5,False,32.5,user480@email.com
2025-08-21,Store_2,P002,snacks,32,2.75,False,88.0,user481@email.com
2025-10-16,Store_3,P001,beverages,35,1.5,False,52.5,user482@email.com
2025-06-07,Store_1,P001,beverages,25,1.5,False,37.5,user483@email.com
2025-04-22,Store_2,P001,beverages,2,1.5,False,3.0,user484@email.com
2025-12-25,Store_1,P001,beverages,34,1.35,True,45.9,user485@email.com
2025-08-30,Store_1,P001,beverages,18,1.5,False,27.0,user486@email.com
2025-03-11,Store_2,P004,personal_care,23,6.5,False,149.5,user487@email.com
2025-07-13,Store_3,P004,personal_care,5,5.85,True,29.25,user488@email.com
2025-06-28,Store_3,P001,beverages,11,1.5,False,16.5,user489@email.com
2025-03-07,Store_2,P002,snacks,0,2.48,True,0.0,user490@email.com
2025-08-26,Store_1,P004,personal_care,34,6.5,False,221.0,user491@email.com
2025-05-07,Store_2,P004,personal_care,22,5.85,True,128.7,user492@email.com
2025-04-07,Store_3,P001,beverages,2,1.5,False,3.0,user493@email.com
2025-01-09,Store_1,P002,snacks,13,2.48,True,32.18,user494@email.com
2025-11-01,Store_1,P001,beverages,28,1.35,True,37.8,user495@email.com
2025-01-23,Store_3,P004,personal_care,28,5.85,True,163.8,user496@email.com
2025-04-22,Store_1,P001,beverages,8,1.5,False,12.0,user497@email.com
2025-10-22,Store_1,P003,household,36,12.0,False,432.0,user498@email.com
2025-06-04,Store_2,P002,snacks,42,2.48,True,103.95,user499@email.com
2025-06-03,Store_3,P003,household,3,10.8,True,32.4,user500@email.com
2025-12-14,Store_1,P004,personal_care,35,6.5,False,227.5,user501@email.com
2025-06-26,Store_3,P004,personal_care,50,6.5,False,325.0,user502@email.com
2025-08-02,Store_2,P004,personal_care,9,6.5,False,58.5,user503@email.com
2025-04-05,Store_2,P004,personal_care,15,5.85,True,87.75,user504@email.com
2025-12-29,Store_3,P002,snacks,29,2.48,True,71.78,user505@email.com
2025-07-31,Store_2,P004,personal_care,35,5.85,True,204.75,user506@email.com
2025-05-05,Store_3,P003,household,13,12.0,False,156.0,user507@email.com
2025-02-10,Store_3,P004,personal_care,23,5.85,True,134.55,user508@email.com
2025-04-08,Store_3,P001,beverages,17,1.5,False,25.5,user509@email.com
2025-11-06,Store_3,P001,beverages,4,1.35,True,5.4,user510@email.com
2025-12-10,Store_2,P002,snacks,30,2.48,True,74.25,user511@email.com
2025-06-05,Store_3,P001,beverages,13,1.35,True,17.55,user512@email.com
2025-03-02,Store_2,P004,personal_care,15,5.85,True,87.75,user513@email.com
2025-05-03,Store_2,P003,household,49,12.0,False,588.0,user514@email.com
2025-08-27,Store_2,P003,household,19,12.0,False,228.0,user515@email.com
2025-09-20,Store_3,P004,personal_care,29,5.85,True,169.65,user516@email.com
2025-08-29,Store_2,P003,household,13,12.0,False,156.0,user517@email.com
2025-07-31,Store_3,P001,beverages,36,1.35,True,48.6,user518@email.com
2025-03-16,Store_2,P001,beverages,16,1.5,False,24.0,user519@email.com
2025-03-20,Store_2,P002,snacks,21,2.48,True,51.98,user520@email.com
2025-10-19,Store_2,P002,snacks,31,2.75,False,85.25,user521@email.com
2025-09-08,Store_3,P004,personal_care,29,5.85,True,169.65,user522@email.com
2025-06-30,Store_1,P002,snacks,8,2.75,False,22.0,user523@email.com
2025-10-05,Store_1,P001,beverages,33,1.35,True,44.55,user524@email.com
2025-12-09,Store_2,P001,beverages,48,1.35,True,64.8,user525@email.com
2025-03-12,Store_1,P002,snacks,4,2.48,True,9.9,user526@email.com
2025-04-22,Store_3,P004,personal_care,23,5.85,True,134.55,user527@email.com
2025-11-23,Store_1,P004,personal_care,42,6.5,False,273.0,user528@email.com
2025-01-04,Store_3,P004,personal_care,0,5.85,True,0.0,user529@email.com
2025-05-21,Store_1,P003,household,1,12.0,False,12.0,user530@email.com
2025-02-24,Store_1,P001,beverages,33,1.35,True,44.55,user531@email.com
2025-04-09,Store_2,P003,household,22,12.0,False,264.0,user532@email.com
2025-02-10,Store_3,P003,household,25,12.0,False,300.0,user533@email.com
2025-05-05,Store_3,P002,snacks,19,2.48,True,47.02,user534@email.com
2025-11-29,Store_2,P001,beverages,5,1.5,False,7.5,user535@email.com
2025-07-13,Store_3,P004,personal_care,3,5.85,True,17.55,user536@email.com
2025-03-29,Store_3,P001,beverages,31,1.5,False,46.5,user537@email.com
2025-06-19,Store_1,P001,beverages,33,1.35,True,44.55,user538@email.com
2025-04-19,Store_1,P004,personal_care,17,5.85,True,99.45,user539@email.com
2025-12-17,Store_1,P003,household,34,10.8,True,367.2,user540@email.com
2025-06-11,Store_3,P001,beverages,13,1.35,True,17.55,user541@email.com
2025-07-23,Store_3,P001,beverages,19,1.35,True,25.65,user542@email.com
2025-05-04,Store_2,P004,personal_care,43,6.5,False,279.5,user543@email.com
2025-03-13,Store_1,P001,beverages,32,1.5,False,48.0,user544@email.com
2025-02-20,Store_2,P004,personal_care,14,5.85,True,81.9,user545@email.com
2025-11-06,Store_1,P004,personal_care,49,6.5,False,318.5,user546@email.com
2025-11-21,Store_2,P003,household,50,12.0,False,600.0,user547@email.com
2025-04-27,Store_2,P003,household,35,12.0,False,420.0,user548@email.com
2025-04-06,Store_1,P004,personal_care,5,6.5,False,32.5,user549@email.com
2025-02-07,Store_2,P001,beverages,17,1.35,True,22.95,user550@email.com
2025-12-31,Store_2,P002,snacks,47,2.75,False,129.25,user551@email.com
2025-07-04,Store_2,P001,beverages,5,1.35,True,6.75,user552@email.com
2025-08-16,Store_1,P003,household,48,12.0,False,576.0,user553@email.com
2025-03-09,Store_2,P001,beverages,11,1.5,False,16.5,user554@email.com
2025-10-13,Store_1,P004,personal_care,6,5.85,True,35.1,user555@email.com
2025-07-01,Store_2,P001,beverages,38,1.5,False,57.0,user556@email.com
2025-01-07,Store_1,P003,household,26,12.0,False,312.0,user557@email.com
2025-10-14,Store_3,P002,snacks,36,2.48,True,89.1,user558@email.com
2025-07-14,Store_2,P002,snacks,8,2.75,False,22.0,user559@email.com
2025-05-18,Store_1,P004,personal_care,9,5.85,True,52.65,user560@email.com
2025-08-11,Store_2,P003,household,26,12.0,False,312.0,user561@email.com
2025-02-09,Store_3,P003,household,16,10.8,True,172.8,user562@email.com
2025-11-17,Store_2,P004,personal_care,38,5.85,True,222.3,user563@email.com
2025-02-24,Store_2,P002,snacks,19,2.48,True,47.02,user564@email.com
2025-06-20,Store_2,P004,personal_care,21,6.5,False,136.5,user565@email.com
2025-08-09,Store_3,P002,snacks,19,2.75,False,52.25,user566@email.com
2025-12-22,Store_1,P002,snacks,30,2.75,False,82.5,user567@email.com
2025-07-23,Store_3,P003,household,18,12.0,False,216.0,user568@email.com
2025-05-05,Store_2,P003,household,24,12.0,False,288.0,user569@email.com
2025-07-06,Store_3,P001,beverages,36,1.35,True,48.6,user570@email.com
2025-10-07,Store_3,P002,snacks,43,2.48,True,106.42,user571@email.com
2025-08-25,Store_3,P002,snacks,28,2.75,False,77.0,user572@email.com
2025-02-05,Store_1,P004,personal_care,43,6.5,False,279.5,user573@email.com
2025-11-21,Store_3,P003,household,15,12.0,False,180.0,user574@email.com
2025-03-20,Store_1,P004,personal_care,50,6.5,False,325.0,user575@email.com
2025-08-18,Store_3,P004,personal_care,37,6.5,False,240.5,user576@email.com
2025-09-17,Store_2,P004,personal_care,34,5.85,True,198.9,user577@email.com
2025-12-26,Store_3,P001,beverages,6,1.35,True,8.1,user578@email.com
2025-12-07,Store_3,P003,household,10,10.8,True,108.0,user579@email.com
2025-11-27,Store_2,P004,personal_care,48,6.5,False,312.0,user580@email.com
2025-02-24,Store_1,P001,beverages,6,1.5,False,9.0,user581@email.com
2025-09-19,Store_2,P002,snacks,28,2.75,False,77.0,user582@email.com
2025-08-26,Store_2,P002,snacks,22,2.48,True,54.45,user583@email.com
2025-02-23,Store_1,P003,household,26,10.8,True,280.8,user584@email.com
2025-03-14,Store_2,P003,household,19,12.0,False,228.0,user585@email.com
2025-04-16,Store_1,P004,personal_care,22,6.5,False,143.0,user586@email.com
2025-08-13,Store_2,P004,personal_care,20,5.85,True,117.0,user587@email.com
2025-01-23,Store_3,P001,beverages,1,1.5,False,1.5,user588@email.com
2025-02-25,Store_3,P002,snacks,47,2.48,True,116.33,user589@email.com
2025-03-31,Store_2,P002,snacks,21,2.75,False,57.75,user590@email.com
2025-04-29,Store_1,P004,personal_care,40,5.85,True,234.0,user591@email.com
2025-11-24,Store_3,P004,personal_care,25,5.85,True,146.25,user592@email.com
2025-11-11,Store_2,P002,snacks,28,2.75,False,77.0,user593@email.com
2025-01-03,Store_3,P002,snacks,13,2.75,False,35.75,user594@email.com
2025-02-02,Store_2,P001,beverages,34,1.35,True,45.9,user595@email.com
2025-06-16,Store_2,P002,snacks,29,2.48,True,71.78,user596@email.com
2025-12-10,Store_3,P004,personal_care,33,6.5,False,214.5,user597@email.com
2025-07-18,Store_2,P004,personal_care,37,5.85,True,216.45,user598@email.com
2025-06-30,Store_3,P004,personal_care,39,5.85,True,228.15,user599@email.com
2025-12-28,Store_3,P003,household,39,10.8,True,421.2,user600@email.com
2025-03-10,Store_2,P003,household,7,10.8,True,75.6,user601@email.com
2025-03-01,Store_3,P002,snacks,23,2.48,True,56.93,user602@email.com
2025-07-18,Store_3,P004,personal_care,38,5.85,True,222.3,user603@email.com
2025-07-16,Store_3,P004,personal_care,11,6.5,False,71.5,user604@email.com
2025-10-03,Store_2,P002,snacks,35,2.48,True,86.62,user605@email.com
2025-05-28,Store_2,P002,snacks,11,2.75,False,30.25,user606@email.com
2025-11-14,Store_2,P001,beverages,22,1.35,True,29.7,user607@email.com
2025-03-11,Store_2,P002,snacks,24,2.75,False,66.0,user608@email.com
2025-12-17,Store_2,P004,personal_care,26,6.5,False,169.0,user609@email.com
2025-03-27,Store_1,P001,beverages,36,1.35,True,48.6,user610@email.com
2025-05-30,Store_3,P001,beverages,17,1.35,True,22.95,user611@email.com
2025-05-28,Store_3,P002,snacks,49,2.75,False,134.75,user612@email.com
2025-09-11,Store_2,P001,beverages,36,1.35,True,48.6,user613@email.com
2025-10-06,Store_3,P003,household,34,10.8,True,367.2,user614@email.com
2025-08-14,Store_3,P002,snacks,27,2.48,True,66.83,user615@email.com
2025-12-01,Store_2,P002,snacks,19,2.48,True,47.02,user616@email.com
2025-05-15,Store_1,P003,household,5,12.0,False,60.0,user617@email.com
2025-05-02,Store_3,P002,snacks,47,2.75,False,129.25,user618@email.com
2025-11-09,Store_1,P004,personal_care,10,5.85,True,58.5,user619@email.com
2025-04-16,Store_3,P001,beverages,36,1.5,False,54.0,user620@email.com
2025-05-24,Store_2,P002,snacks,20,2.75,False,55.0,user621@email.com
2025-10-21,Store_1,P003,household,32,10.8,True,345.6,user622@email.com
2025-07-30,Store_3,P001,beverages,17,1.35,True,22.95,user623@email.com
2025-03-09,Store_1,P002,snacks,9,2.75,False,24.75,user624@email.com
2025-12-13,Store_3,P004,personal_care,31,5.85,True,181.35,user625@email.com
2025-11-20,Store_2,P003,household,40,12.0,False,480.0,user626@email.com
2025-08-20,Store_2,P001,beverages,40,1.35,True,54.0,user627@email.com
2025-09-21,Store_2,P003,household,44,12.0,False,528.0,user628@email.com
2025-09-07,Store_3,P003,household,37,10.8,True,399.6,user629@email.com
2025-02-17,Store_1,P004,personal_care,40,6.5,False,260.0,user630@email.com
2025-10-01,Store_1,P004,personal_care,13,6.5,False,84.5,user631@email.com
2025-09-11,Store_2,P003,household,20,12.0,False,240.0,user632@email.com
2025-10-08,Store_2,P002,snacks,36,2.75,False,99.0,user633@email.com
2025-12-16,Store_3,P001,beverages,2,1.35,True,2.7,user634@email.com
2025-08-24,Store_2,P001,beverages,7,1.35,True,9.45,user635@email.com
2025-08-22,Store_3,P001,beverages,27,1.35,True,36.45,user636@email.com
2025-03-09,Store_1,P003,household,10,12.0,False,120.0,user637@email.com
2025-12-02,Store_2,P003,household,16,10.8,True,172.8,user638@email.com
2025-12-07,Store_3,P002,snacks,3,2.75,False,8.25,user639@email.com
2025-06-06,Store_3,P002,snacks,27,2.48,True,66.83,user640@email.com
2025-02-18,Store_1,P001,beverages,13,1.5,False,19.5,user641@email.com
2025-03-09,Store_1,P002,snacks,33,2.75,False,90.75,user642@email.com
2025-01-05,Store_3,P003,household,7,12.0,False,84.0,user643@email.com
2025-03-09,Store_2,P004,personal_care,4,5.85,True,23.4,user644@email.com
2025-02-15,Store_2,P001,beverages,6,1.5,False,9.0,user645@email.com
2025-06-03,Store_3,P002,snacks,24,2.48,True,59.4,user646@email.com
2025-12-13,Store_3,P002,snacks,4,2.48,True,9.9,user647@email.com
2025-11-29,Store_3,P002,snacks,28,2.75,False,77.0,user648@email.com
2025-04-20,Store_1,P002,snacks,26,2.75,False,71.5,user649@email.com
2025-02-14,Store_3,P001,beverages,8,1.35,True,10.8,user650@email.com
2025-07-16,Store_1,P003,household,27,12.0,False,324.0,user651@email.com
2025-05-07,Store_1,P003,household,41,10.8,True,442.8,user652@email.com
2025-10-11,Store_3,P003,household,49,10.8,True,529.2,user653@email.com
2025-06-04,Store_3,P002,snacks,33,2.48,True,81.67,user654@email.com
2025-07-20,Store_1,P003,household,41,10.8,True,442.8,user655@email.com
2025-09-11,Store_2,P004,personal_care,7,5.85,True,40.95,user656@email.com
2025-11-23,Store_2,P001,beverages,33,1.35,True,44.55,user657@email.com
2025-06-12,Store_2,P002,snacks,24,2.75,False,66.0,user658@email.com
2025-10-07,Store_1,P002,snacks,48,2.75,False,132.0,user659@email.com
2025-01-09,Store_1,P001,beverages,0,1.5,False,0.0,user660@email.com
2025-01-21,Store_3,P001,beverages,50,1.5,False,75.0,user661@email.com
2025-05-27,Store_1,P004,personal_care,27,6.5,False,175.5,user662@email.com
2025-11-24,Store_2,P002,snacks,17,2.48,True,42.08,user663@email.com
2025-02-10,Store_2,P002,snacks,9,2.75,False,24.75,user664@email.com
2025-10-28,Store_3,P001,beverages,19,1.5,False,28.5,user665@email.com
2025-05-03,Store_2,P001,beverages,15,1.35,True,20.25,user666@email.com
2025-03-01,Store_2,P004,personal_care,39,5.85,True,228.15,user667@email.com
2025-12-08,Store_3,P002,snacks,7,2.48,True,17.32,user668@email.com
2025-03-12,Store_2,P001,beverages,10,1.5,False,15.0,user669@email.com
2025-09-25,Store_1,P003,household,10,12.0,False,120.0,user670@email.com
2025-05-18,Store_2,P001,beverages,49,1.35,True,66.15,user671@email.com
2025-08-08,Store_2,P003,household,33,10.8,True,356.4,user672@email.com
2025-12-31,Store_3,P001,beverages,31,1.5,False,46.5,user673@email.com
2025-07-04,Store_2,P001,beverages,31,1.35,True,41.85,user674@email.com
2025-03-22,Store_3,P003,household,49,10.8,True,529.2,user675@email.com
2025-12-12,Store_1,P001,beverages,14,1.35,True,18.9,user676@email.com
2025-01-07,Store_2,P002,snacks,2,2.75,False,5.5,user677@email.com
2025-07-16,Store_3,P002,snacks,11,2.48,True,27.23,user678@email.com
2025-12-02,Store_1,P004,personal_care,14,6.5,False,91.0,user679@email.com
2025-08-02,Store_3,P003,household,17,10.8,True,183.6,user680@email.com
2025-07-10,Store_1,P001,beverages,32,1.35,True,43.2,user681@email.com
2025-04-25,Store_2,P001,beverages,25,1.35,True,33.75,user682@email.com
2025-05-25,Store_3,P003,household,20,10.8,True,216.0,user683@email.com
2025-08-22,Store_2,P001,beverages,23,1.35,True,31.05,user684@email.com
2025-10-16,Store_2,P003,household,47,10.8,True,507.6,user685@email.com
2025-07-08,Store_3,P004,personal_care,49,5.85,True,286.65,user686@email.com
2025-10-07,Store_2,P002,snacks,9,2.48,True,22.28,user687@email.com
2025-01-13,Store_3,P002,snacks,34,2.75,False,93.5,user688@email.com
2025-12-22,Store_3,P001,beverages,21,1.35,True,28.35,user689@email.com
2025-07-12,Store_3,P003,household,6,10.8,True,64.8,user690@email.com
2025-05-02,Store_1,P004,personal_care,31,5.85,True,181.35,user691@email.com
2025-12-31,Store_1,P003,household,5,10.8,True,54.0,user692@email.com
2025-09-24,Store_2,P004,personal_care,44,6.5,False,286.0,user693@email.com
2025-02-13,Store_3,P001,beverages,32,1.35,True,43.2,user694@email.com
2025-07-21,Store_2,P001,beverages,37,1.35,True,49.95,user695@email.com
2025-12-06,Store_2,P002,snacks,15,2.75,False,41.25,user696@email.com
2025-06-11,Store_2,P004,personal_care,44,6.5,False,286.0,user697@email.com
2025-08-20,Store_1,P003,household,14,10.8,True,151.2,user698@email.com
2025-03-11,Store_1,P001,beverages,9,1.35,True,12.15,user699@email.com
2025-08-19,Store_1,P004,personal_care,20,6.5,False,130.0,user700@email.com
2025-10-02,Store_2,P003,household,49,10.8,True,529.2,user701@email.com
2025-06-07,Store_1,P004,personal_care,16,5.85,True,93.6,user702@email.com
2025-03-22,Store_1,P003,household,45,10.8,True,486.0,user703@email.com
2025-06-17,Store_2,P002,snacks,5,2.48,True,12.38,user704@email.com
2025-07-22,Store_2,P001,beverages,43,1.5,False,64.5,user705@email.com
2025-03-31,Store_3,P001,beverages,25,1.5,False,37.5,user706@email.com
2025-10-09,Store_1,P002,snacks,6,2.75,False,16.5,user707@email.com
2025-03-13,Store_1,P001,beverages,0,1.35,True,0.0,user708@email.com
2025-03-08,Store_3,P002,snacks,25,2.75,False,68.75,user709@email.com
2025-11-19,Store_1,P001,beverages,37,1.5,False,55.5,user710@email.com
2025-01-12,Store_1,P001,beverages,12,1.5,False,18.0,user711@email.com
2025-02-17,Store_2,P003,household,7,10.8,True,75.6,user712@email.com
2025-01-26,Store_3,P002,snacks,36,2.75,False,99.0,user713@email.com
2025-07-22,Store_3,P004,personal_care,1,6.5,False,6.5,user714@email.com
2025-08-07,Store_1,P002,snacks,22,2.48,True,54.45,user715@email.com
2025-05-21,Store_1,P003,household,28,10.8,True,302.4,user716@email.com
2025-11-11,Store_2,P002,snacks,41,2.75,False,112.75,user717@email.com
2025-07-30,Store_2,P004,personal_care,3,5.85,True,17.55,user718@email.com
2025-07-16,Store_3,P002,snacks,26,2.48,True,64.35,user719@email.com
2025-09-27,Store_2,P002,snacks,40,2.48,True,99.0,user720@email.com
2025-07-03,Store_2,P004,personal_care,34,6.5,False,221.0,user721@email.com
2025-10-17,Store_1,P003,household,24,12.0,False,288.0,user722@email.com
2025-01-14,Store_1,P003,household,38,10.8,True,410.4,user723@email.com
2025-05-24,Store_3,P001,beverages,30,1.5,False,45.0,user724@email.com
2025-04-30,Store_3,P002,snacks,6,2.48,True,14.85,user725@email.com
2025-05-04,Store_1,P003,household,34,10.8,True,367.2,user726@email.com
2025-10-22,Store_1,P004,personal_care,22,5.85,True,128.7,user727@email.com
2025-05-02,Store_3,P003,household,47,12.0,False,564.0,user728@email.com
2025-01-15,Store_3,P003,household,36,10.8,True,388.8,user729@email.com
2025-04-07,Store_1,P004,personal_care,34,6.5,False,221.0,user730@email.com
2025-09-09,Store_1,P001,beverages,5,1.35,True,6.75,user731@email.com
2025-11-05,Store_1,P002,snacks,1,2.75,False,2.75,user732@email.com
2025-06-19,Store_3,P002,snacks,8,2.75,False,22.0,user733@email.com
2025-04-01,Store_1,P003,household,3,10.8,True,32.4,user734@email.com
2025-10-28,Store_3,P002,snacks,49,2.48,True,121.28,user735@email.com
2025-07-06,Store_3,P001,beverages,23,1.5,False,34.5,user736@email.com
2025-02-21,Store_1,P003,household,19,12.0,False,228.0,user737@email.com
2025-03-22,Store_3,P004,personal_care,50,6.5,False,325.0,user738@email.com
2025-06-12,Store_1,P002,snacks,45,2.75,False,123.75,user739@email.com
2025-12-07,Store_3,P002,snacks,24,2.75,False,66.0,user740@email.com
2025-12-19,Store_3,P003,household,8,10.8,True,86.4,user741@email.com
2025-01-01,Store_1,P004,personal_care,49,5.85,True,286.65,user742@email.com
2025-11-05,Store_3,P003,household,39,10.8,True,421.2,user743@email.com
2025-10-17,Store_2,P001,beverages,31,1.35,True,41.85,user744@email.com
2025-02-09,Store_1,P002,snacks,22,2.75,False,60.5,user745@email.com
2025-11-22,Store_2,P001,beverages,45,1.5,False,67.5,user746@email.com
2025-01-06,Store_3,P003,household,13,10.8,True,140.4,user747@email.com
2025-02-04,Store_3,P003,household,16,10.8,True,172.8,user748@email.com
2025-01-01,Store_3,P001,beverages,24,1.5,False,36.0,user749@email.com
2025-08-03,Store_2,P002,snacks,26,2.75,False,71.5,user750@email.com
2025-06-29,Store_3,P004,personal_care,6,6.5,False,39.0,user751@email.com
2025-11-30,Store_1,P002,snacks,10,2.75,False,27.5,user752@email.com
2025-01-18,Store_2,P003,household,1,12.0,False,12.0,user753@email.com
2025-02-23,Store_2,P001,beverages,21,1.35,True,28.35,user754@email.com
2025-03-24,Store_2,P001,beverages,35,1.35,True,47.25,user755@email.com
2025-11-01,Store_2,P004,personal_care,45,5.85,True,263.25,user756@email.com
2025-12-01,Store_1,P002,snacks,38,2.75,False,104.5,user757@email.com
2025-01-28,Store_1,P001,beverages,21,1.35,True,28.35,user758@email.com
2025-07-29,Store_2,P003,household,42,12.0,False,504.0,user759@email.com
2025-05-02,Store_3,P001,beverages,3,1.5,False,4.5,user760@email.com
2025-10-09,Store_2,P004,personal_care,9,5.85,True,52.65,user761@email.com
2025-01-02,Store_3,P004,personal_care,5,6.5,False,32.5,user762@email.com
2025-11-17,Store_1,P004,personal_care,12,5.85,True,70.2,user763@email.com
2025-04-16,Store_1,P002,snacks,40,2.75,False,110.0,user764@email.com
2025-08-31,Store_2,P001,beverages,19,1.5,False,28.5,user765@email.com
2025-09-08,Store_1,P003,household,5,12.0,False,60.0,user766@email.com
2025-07-09,Store_2,P004,personal_care,23,5.85,True,134.55,user767@email.com
2025-01-23,Store_2,P003,household,28,12.0,False,336.0,user768@email.com
2025-04-26,Store_1,P003,household,36,10.8,True,388.8,user769@email.com
2025-12-23,Store_3,P001,beverages,5,1.5,False,7.5,user770@email.com
2025-07-31,Store_2,P002,snacks,35,2.48,True,86.62,user771@email.com
2025-09-25,Store_3,P004,personal_care,34,6.5,False,221.0,user772@email.com
2025-05-01,Store_2,P004,personal_care,19,5.85,True,111.15,user773@email.com
2025-01-18,Store_1,P002,snacks,7,2.75,False,19.25,user774@email.com
2025-03-27,Store_1,P002,snacks,12,2.48,True,29.7,user775@email.com
2025-08-05,Store_1,P001,beverages,43,1.5,False,64.5,user776@email.com
2025-11-18,Store_2,P002,snacks,38,2.75,False,104.5,user777@email.com
2025-02-04,Store_3,P001,beverages,24,1.5,False,36.0,user778@email.com
2025-06-16,Store_1,P003,household,33,12.0,False,396.0,user779@email.com
2025-12-25,Store_1,P004,personal_care,7,6.5,False,45.5,user780@email.com
2025-03-17,Store_2,P001,beverages,6,1.35,True,8.1,user781@email.com
2025-10-02,Store_2,P003,household,26,12.0,False,312.0,user782@email.com
2025-12-02,Store_1,P004,personal_care,36,6.5,False,234.0,user783@email.com
2025-03-30,Store_3,P003,household,25,10.8,True,270.0,user784@email.com
2025-11-08,Store_2,P004,personal_care,2,6.5,False,13.0,user785@email.com
2025-12-20,Store_2,P002,snacks,3,2.75,False,8.25,user786@email.com
2025-07-10,Store_2,P001,beverages,21,1.5,False,31.5,user787@email.com
2025-05-24,Store_1,P004,personal_care,44,5.85,True,257.4,user788@email.com
2025-03-10,Store_2,P003,household,47,12.0,False,564.0,user789@email.com
2025-05-18,Store_1,P004,personal_care,38,5.85,True,222.3,user790@email.com
2025-08-15,Store_3,P002,snacks,26,2.75,False,71.5,user791@email.com
2025-07-11,Store_1,P001,beverages,32,1.35,True,43.2,user792@email.com
2025-06-09,Store_1,P004,personal_care,8,5.85,True,46.8,user793@email.com
2025-04-09,Store_1,P002,snacks,3,2.48,True,7.43,user794@email.com
2025-08-22,Store_2,P001,beverages,23,1.35,True,31.05,user795@email.com
2025-07-08,Store_3,P004,personal_care,32,6.5,False,208.0,user796@email.com
2025-03-05,Store_2,P001,beverages,15,1.5,False,22.5,user797@email.com
2025-11-01,Store_3,P004,personal_care,11,6.5,False,71.5,user798@email.com
2025-10-10,Store_2,P003,household,22,10.8,True,237.6,user799@email.com
2025-12-19,Store_2,P001,beverages,18,1.35,True,24.3,user800@email.com
2025-01-26,Store_1,P002,snacks,36,2.48,True,89.1,user801@email.com
2025-11-28,Store_2,P002,snacks,43,2.48,True,106.42,user802@email.com
2025-11-30,Store_3,P004,personal_care,32,5.85,True,187.2,user803@email.com
2025-01-05,Store_3,P004,personal_care,8,5.85,True,46.8,user804@email.com
2025-01-05,Store_3,P002,snacks,16,2.75,False,44.0,user805@email.com
2025-12-30,Store_2,P003,household,27,12.0,False,324.0,user806@email.com
2025-08-24,Store_2,P003,household,13,12.0,False,156.0,user807@email.com
2025-12-13,Store_1,P004,personal_care,37,5.85,True,216.45,user808@email.com
2025-09-19,Store_2,P003,household,35,12.0,False,420.0,user809@email.com
2025-12-17,Store_2,P001,beverages,30,1.35,True,40.5,user810@email.com
2025-05-22,Store_3,P003,household,17,12.0,False,204.0,user811@email.com
2025-12-31,Store_3,P003,household,12,10.8,True,129.6,user812@email.com
2025-05-04,Store_3,P001,beverages,38,1.5,False,57.0,user813@email.com
2025-06-13,Store_3,P002,snacks,46,2.48,True,113.85,user814@email.com
2025-09-12,Store_2,P003,household,16,12.0,False,192.0,user815@email.com
2025-07-18,Store_2,P001,beverages,37,1.35,True,49.95,user816@email.com
2025-04-24,Store_3,P004,personal_care,42,6.5,False,273.0,user817@email.com
2025-06-03,Store_2,P002,snacks,42,2.48,True,103.95,user818@email.com
2025-02-19,Store_3,P004,personal_care,8,6.5,False,52.0,user819@email.com
2025-10-14,Store_3,P002,snacks,43,2.75,False,118.25,user820@email.com
2025-02-15,Store_3,P002,snacks,22,2.48,True,54.45,user821@email.com
2025-06-07,Store_2,P004,personal_care,50,6.5,False,325.0,user822@email.com
2025-05-14,Store_2,P003,household,29,10.8,True,313.2,user823@email.com
2025-01-28,Store_3,P001,beverages,30,1.35,True,40.5,user824@email.com
2025-03-03,Store_2,P004,personal_care,33,6.5,False,214.5,user825@email.com
2025-01-28,Store_2,P002,snacks,8,2.48,True,19.8,user826@email.com
2025-07-29,Store_3,P004,personal_care,9,6.5,False,58.5,user827@email.com
2025-04-03,Store_3,P001,beverages,31,1.5,False,46.5,user828@email.com
2025-04-01,Store_1,P003,household,40,10.8,True,432.0,user829@email.com
2025-08-20,Store_3,P003,household,13,10.8,True,140.4,user830@email.com
2025-03-23,Store_1,P004,personal_care,50,5.85,True,292.5,user831@email.com
2025-11-11,Store_2,P004,personal_care,40,6.5,False,260.0,user832@email.com
2025-08-08,Store_1,P004,personal_care,24,5.85,True,140.4,user833@email.com
2025-10-01,Store_1,P002,snacks,46,2.75,False,126.5,user834@email.com
2025-06-14,Store_3,P002,snacks,1,2.48,True,2.48,user835@email.com
2025-05-08,Store_2,P002,snacks,44,2.75,False,121.0,user836@email.com
2025-03-08,Store_1,P001,beverages,24,1.5,False,36.0,user837@email.com
2025-02-03,Store_2,P001,beverages,19,1.5,False,28.5,user838@email.com
2025-09-24,Store_2,P003,household,27,10.8,True,291.6,user839@email.com
2025-09-08,Store_1,P003,household,48,10.8,True,518.4,user840@email.com
2025-07-26,Store_3,P001,beverages,14,1.35,True,18.9,user841@email.com
2025-03-09,Store_3,P002,snacks,46,2.48,True,113.85,user842@email.com
2025-09-16,Store_3,P002,snacks,7,2.75,False,19.25,user843@email.com
2025-11-30,Store_3,P001,beverages,24,1.5,False,36.0,user844@email.com
2025-11-16,Store_3,P001,beverages,38,1.35,True,51.3,user845@email.com
2025-02-25,Store_2,P001,beverages,3,1.35,True,4.05,user846@email.com
2025-08-16,Store_2,P004,personal_care,7,6.5,False,45.5,user847@email.com
2025-12-26,Store_2,P002,snacks,13,2.48,True,32.18,user848@email.com
2025-08-04,Store_3,P001,beverages,42,1.5,False,63.0,user849@email.com
2025-11-07,Store_3,P002,snacks,26,2.48,True,64.35,user850@email.com
2025-11-13,Store_1,P001,beverages,18,1.35,True,24.3,user851@email.com
2025-09-12,Store_2,P002,snacks,38,2.48,True,94.05,user852@email.com
2025-09-25,Store_2,P002,snacks,22,2.75,False,60.5,user853@email.com
2025-03-24,Store_1,P001,beverages,35,1.5,False,52.5,user854@email.com
2025-12-19,Store_1,P004,personal_care,21,5.85,True,122.85,user855@email.com
2025-01-07,Store_1,P001,beverages,7,1.5,False,10.5,user856@email.com
2025-02-16,Store_2,P001,beverages,46,1.35,True,62.1,user857@email.com
2025-11-26,Store_2,P002,snacks,29,2.75,False,79.75,user858@email.com
2025-08-26,Store_1,P001,beverages,6,1.35,True,8.1,user859@email.com
2025-05-29,Store_2,P003,household,43,12.0,False,516.0,user860@email.com
2025-03-01,Store_1,P001,beverages,48,1.35,True,64.8,user861@email.com
2025-03-12,Store_2,P002,snacks,21,2.75,False,57.75,user862@email.com
2025-11-15,Store_2,P003,household,46,10.8,True,496.8,user863@email.com
2025-06-25,Store_2,P002,snacks,7,2.75,False,19.25,user864@email.com
2025-08-22,Store_2,P003,household,24,12.0,False,288.0,user865@email.com
2025-11-29,Store_3,P002,snacks,7,2.48,True,17.32,user866@email.com
2025-01-31,Store_3,P002,snacks,6,2.75,False,16.5,user867@email.com
2025-09-05,Store_2,P004,personal_care,11,6.5,False,71.5,user868@email.com
2025-11-10,Store_2,P001,beverages,43,1.35,True,58.05,user869@email.com
2025-09-07,Store_1,P001,beverages,26,1.5,False,39.0,user870@email.com
2025-02-02,Store_1,P003,household,41,12.0,False,492.0,user871@email.com
2025-12-27,Store_3,P002,snacks,42,2.75,False,115.5,user872@email.com
2025-09-25,Store_2,P001,beverages,27,1.35,True,36.45,user873@email.com
2025-06-27,Store_1,P004,personal_care,9,5.85,True,52.65,user874@email.com
2025-11-26,Store_2,P002,snacks,32,2.75,False,88.0,user875@email.com
2025-03-26,Store_2,P001,beverages,48,1.5,False,72.0,user876@email.com
2025-05-04,Store_3,P003,household,17,10.8,True,183.6,user877@email.com
2025-04-25,Store_1,P004,personal_care,25,5.85,True,146.25,user878@email.com
2025-08-24,Store_1,P004,personal_care,36,6.5,False,234.0,user879@email.com
2025-09-13,Store_2,P004,personal_care,20,5.85,True,117.0,user880@email.com
2025-12-01,Store_2,P001,beverages,6,1.5,False,9.0,user881@email.com
2025-01-19,Store_3,P001,beverages,5,1.5,False,7.5,user882@email.com
2025-10-15,Store_2,P002,snacks,41,2.75,False,112.75,user883@email.com
2025-07-06,Store_2,P001,beverages,14,1.5,False,21.0,user884@email.com
2025-10-14,Store_3,P004,personal_care,45,6.5,False,292.5,user885@email.com
2025-08-20,Store_1,P001,beverages,6,1.35,True,8.1,user886@email.com
2025-06-24,Store_3,P003,household,40,12.0,False,480.0,user887@email.com
2025-09-25,Store_1,P003,household,44,10.8,True,475.2,user888@email.com
2025-03-26,Store_1,P004,personal_care,8,6.5,False,52.0,user889@email.com
2025-05-11,Store_2,P002,snacks,12,2.48,True,29.7,user890@email.com
2025-04-21,Store_3,P004,personal_care,50,5.85,True,292.5,user891@email.com
2025-06-23,Store_1,P001,beverages,48,1.5,False,72.0,user892@email.com
2025-11-21,Store_2,P001,beverages,49,1.5,False,73.5,user893@email.com
2025-12-04,Store_3,P002,snacks,31,2.48,True,76.73,user894@email.com
2025-01-25,Store_3,P004,personal_care,37,6.5,False,240.5,user895@email.com
2025-04-01,Store_1,P002,snacks,46,2.48,True,113.85,user896@email.com
2025-07-18,Store_2,P003,household,32,12.0,False,384.0,user897@email.com
2025-11-08,Store_2,P002,snacks,17,2.75,False,46.75,user898@email.com
2025-05-31,Store_2,P004,personal_care,8,5.85,True,46.8,user899@email.com
2025-11-05,Store_3,P003,household,44,12.0,False,528.0,user900@email.com
2025-10-11,Store_3,P002,snacks,12,2.48,True,29.7,user901@email.com
2025-05-29,Store_3,P003,household,43,10.8,True,464.4,user902@email.com
2025-11-29,Store_3,P002,snacks,32,2.75,False,88.0,user903@email.com
2025-03-01,Store_3,P003,household,35,12.0,False,420.0,user904@email.com
2025-10-20,Store_2,P004,personal_care,43,6.5,False,279.5,user905@email.com
2025-01-07,Store_1,P001,beverages,1,1.5,False,1.5,user906@email.com
2025-01-28,Store_1,P001,beverages,12,1.5,False,18.0,user907@email.com
2025-05-27,Store_3,P003,household,9,10.8,True,97.2,user908@email.com
2025-06-01,Store_2,P002,snacks,48,2.48,True,118.8,user909@email.com
2025-08-20,Store_3,P001,beverages,39,1.35,True,52.65,user910@email.com
2025-11-28,Store_3,P004,personal_care,15,6.5,False,97.5,user911@email.com
2025-12-07,Store_2,P001,beverages,24,1.5,False,36.0,user912@email.com
2025-12-17,Store_1,P003,household,35,10.8,True,378.0,user913@email.com
2025-05-09,Store_1,P002,snacks,39,2.75,False,107.25,user914@email.com
2025-11-21,Store_3,P003,household,48,10.8,True,518.4,user915@email.com
2025-04-10,Store_3,P003,household,28,10.8,True,302.4,user916@email.com
2025-02-08,Store_2,P002,snacks,11,2.48,True,27.23,user917@email.com
2025-01-21,Store_1,P004,personal_care,17,6.5,False,110.5,user918@email.com
2025-03-24,Store_2,P003,household,0,12.0,False,0.0,user919@email.com
2025-12-30,Store_2,P002,snacks,2,2.48,True,4.95,user920@email.com
2025-11-02,Store_2,P001,beverages,49,1.5,False,73.5,user921@email.com
2025-10-21,Store_3,P003,household,4,12.0,False,48.0,user922@email.com
2025-04-23,Store_3,P002,snacks,33,2.48,True,81.67,user923@email.com
2025-03-23,Store_1,P004,personal_care,34,6.5,False,221.0,user924@email.com
2025-06-28,Store_2,P002,snacks,13,2.75,False,35.75,user925@email.com
2025-07-04,Store_3,P003,household,13,12.0,False,156.0,user926@email.com
2025-11-29,Store_2,P001,beverages,7,1.5,False,10.5,user927@email.com
2025-05-04,Store_2,P002,snacks,2,2.75,False,5.5,user928@email.com
2025-02-28,Store_1,P004,personal_care,16,6.5,False,104.0,user929@email.com
2025-09-22,Store_2,P003,household,32,12.0,False,384.0,user930@email.com
2025-01-23,Store_2,P003,household,41,10.8,True,442.8,user931@email.com
2025-09-21,Store_3,P001,beverages,6,1.35,True,8.1,user932@email.com
2025-10-01,Store_1,P001,beverages,40,1.35,True,54.0,user933@email.com
2025-12-10,Store_1,P002,snacks,43,2.75,False,118.25,user934@email.com
2025-04-16,Store_3,P004,personal_care,41,5.85,True,239.85,user935@email.com
2025-12-18,Store_3,P002,snacks,1,2.75,False,2.75,user936@email.com
2025-06-19,Store_1,P001,beverages,5,1.35,True,6.75,user937@email.com
2025-04-02,Store_3,P003,household,35,10.8,True,378.0,user938@email.com
2025-04-27,Store_2,P003,household,26,12.0,False,312.0,user939@email.com
2025-11-19,Store_1,P004,personal_care,27,6.5,False,175.5,user940@email.com
2025-07-19,Store_3,P001,beverages,34,1.35,True,45.9,user941@email.com
2025-11-13,Store_3,P001,beverages,48,1.35,True,64.8,user942@email.com
2025-02-07,Store_2,P003,household,32,10.8,True,345.6,user943@email.com
2025-12-18,Store_2,P003,household,38,10.8,True,410.4,user944@email.com
2025-08-13,Store_2,P004,personal_care,25,5.85,True,146.25,user945@email.com
2025-03-22,Store_3,P002,snacks,8,2.75,False,22.0,user946@email.com
2025-06-01,Store_1,P002,snacks,19,2.75,False,52.25,user947@email.com
2025-10-11,Store_1,P002,snacks,7,2.48,True,17.32,user948@email.com
2025-10-21,Store_2,P004,personal_care,34,5.85,True,198.9,user949@email.com
2025-04-18,Store_3,P003,household,13,12.0,False,156.0,user950@email.com
2025-09-20,Store_1,P002,snacks,10,2.48,True,24.75,user951@email.com
2025-11-12,Store_1,P003,household,12,10.8,True,129.6,user952@email.com
2025-12-10,Store_3,P001,beverages,48,1.5,False,72.0,user953@email.com
2025-10-09,Store_2,P001,beverages,18,1.35,True,24.3,user954@email.com
2025-02-20,Store_2,P002,snacks,46,2.75,False,126.5,user955@email.com
2025-07-02,Store_1,P002,snacks,42,2.48,True,103.95,user956@email.com
2025-05-26,Store_2,P001,beverages,12,1.5,False,18.0,user957@email.com
2025-08-19,Store_3,P003,household,39,12.0,False,468.0,user958@email.com
2025-10-27,Store_2,P002,snacks,36,2.75,False,99.0,user959@email.com
2025-08-08,Store_1,P002,snacks,0,2.75,False,0.0,user960@email.com
2025-04-24,Store_1,P004,personal_care,17,6.5,False,110.5,user961@email.com
2025-12-14,Store_2,P003,household,30,12.0,False,360.0,user962@email.com
2025-07-03,Store_1,P003,household,31,10.8,True,334.8,user963@email.com
2025-11-27,Store_3,P001,beverages,17,1.35,True,22.95,user964@email.com
2025-04-11,Store_3,P003,household,46,10.8,True,496.8,user965@email.com
2025-02-08,Store_3,P001,beverages,32,1.35,True,43.2,user966@email.com
2025-10-24,Store_1,P004,personal_care,49,5.85,True,286.65,user967@email.com
2025-10-10,Store_3,P003,household,34,12.0,False,408.0,user968@email.com
2025-03-18,Store_3,P003,household,25,10.8,True,270.0,user969@email.com
2025-05-29,Store_2,P002,snacks,29,2.48,True,71.78,user970@email.com
2025-07-06,Store_3,P001,beverages,42,1.35,True,56.7,user971@email.com
2025-12-17,Store_2,P002,snacks,48,2.48,True,118.8,user972@email.com
2025-03-23,Store_3,P002,snacks,36,2.48,True,89.1,user973@email.com
2025-09-05,Store_2,P003,household,2,10.8,True,21.6,user974@email.com
2025-04-29,Store_1,P001,beverages,16,1.5,False,24.0,user975@email.com
2025-01-22,Store_2,P002,snacks,33,2.75,False,90.75,user976@email.com
2025-08-29,Store_3,P004,personal_care,2,5.85,True,11.7,user977@email.com
2025-06-15,Store_3,P001,beverages,45,1.5,False,67.5,user978@email.com
2025-05-15,Store_2,P002,snacks,24,2.75,False,66.0,user979@email.com
2025-10-28,Store_2,P001,beverages,33,1.5,False,49.5,user980@email.com
2025-04-25,Store_2,P004,personal_care,22,6.5,False,143.0,user981@email.com
2025-09-04,Store_2,P001,beverages,32,1.35,True,43.2,user982@email.com
2025-03-26,Store_1,P002,snacks,4,2.75,False,11.0,user983@email.com
2025-03-18,Store_3,P002,snacks,10,2.75,False,27.5,user984@email.com
2025-03-02,Store_3,P002,snacks,26,2.75,False,71.5,user985@email.com
2025-02-28,Store_2,P004,personal_care,43,6.5,False,279.5,user986@email.com
2025-04-18,Store_1,P002,snacks,41,2.75,False,112.75,user987@email.com
2025-05-05,Store_1,P001,beverages,8,1.35,True,10.8,user988@email.com
2025-11-19,Store_1,P001,beverages,36,1.35,True,48.6,user989@email.com
2025-03-27,Store_3,P003,household,11,12.0,False,132.0,user990@email.com
2025-10-16,Store_1,P001,beverages,46,1.5,False,69.0,user991@email.com
2025-04-21,Store_2,P004,personal_care,38,6.5,False,247.0,user992@email.com
2025-03-29,Store_3,P002,snacks,26,2.48,True,64.35,user993@email.com
2025-04-04,Store_2,P003,household,10,12.0,False,120.0,user994@email.com
2025-11-02,Store_2,P001,beverages,14,1.5,False,21.0,user995@email.com
2025-03-09,Store_3,P001,beverages,1,1.35,True,1.35,user996@email.com
2025-09-16,Store_1,P004,personal_care,9,5.85,True,52.65,user997@email.com
2025-09-01,Store_1,P001,beverages,50,1.35,True,67.5,user998@email.com
2025-09-04,Store_3,P002,snacks,38,2.48,True,94.05,user999@email.com
2025-11-29,Store_2,P004,personal_care,33,6.5,False,214.5,user1000@email.com
